{
  "mean_monthly_return": 0.011084888692750533,
  "annualized_return": 0.14143565785183632,
  "annualized_volatility": 0.1785138204905024,
  "sharpe_ratio": 0.7451449078144818,
  "max_drawdown": -0.5475840107643419,
  "avg_turnover": 0.5397690522388059,
  "avg_turnover_after_limit": 0.1993393091684435,
  "transaction_cost": 0.001,
  "turnover_limit": 0.2
}