{
  "mean_monthly_return": 0.010820715926865673,
  "annualized_return": 0.13786203176202494,
  "annualized_volatility": 0.1745232036310981,
  "sharpe_ratio": 0.7440190669250955,
  "max_drawdown": -0.5212496623335953,
  "avg_turnover": 0.2439107579957356,
  "avg_turnover_after_limit": 0.1659185207889126,
  "transaction_cost": 0.001,
  "turnover_limit": 0.2
}