 series;  mean_m; ann_ret; ann_vol;  sharpe;sharpe_low;sharpe_high;   max_dd
net_ret;0.011143;0.142218;0.175371;0.762451;  0.540505;   1.003649;-0.545733
  EW_10;0.010945;0.139548;0.173676;0.756267;  0.531609;   0.998136;-0.527441
    SMB;0.000935;0.011283;0.097057;0.115655; -0.106104;   0.327237;-0.548963
 Market;0.010042;0.127382;0.148776;0.809939;  0.583603;   1.053098;-0.503117