      comparison;  DM_stat; p_value
 LR_net vs EW_10; 0.851493;0.394496
LR_net vs Market; 1.525676;0.127091
 GB_net vs EW_10; 0.748242;0.454314
GB_net vs Market; 1.442064;0.149284
GB_net vs LR_net;-0.523849;0.600384