    series;  mean_m; ann_ret; ann_vol;  sharpe;sharpe_low;sharpe_high; sortino;sortino_low;sortino_high;   max_dd
net_ret_lr;0.011143;0.142218;0.175371;0.762451;  0.540505;   1.003649;1.098809;   0.739935;    1.557631;-0.545733
net_ret_gb;0.011058;0.141074;0.178584;0.743057;  0.518847;   0.981978;1.058339;   0.713257;    1.500561;-0.547586
     EW_10;0.010945;0.139548;0.173676;0.756267;  0.531609;   0.998136;1.068990;   0.714472;    1.529671;-0.527441
    Market;0.010042;0.127382;0.148776;0.809939;  0.583603;   1.053098;1.154502;   0.799513;    1.592857;-0.503117