    series;  mean_m; ann_ret; ann_vol;  sharpe;sharpe_low;sharpe_high; sortino;sortino_low;sortino_high;   max_dd
net_ret_lr;0.011158;0.142423;0.175192;0.764268;  0.529375;   1.004182;1.100296;   0.728109;    1.570418;-0.545733
net_ret_gb;0.010966;0.139832;0.171644;0.766685;  0.536318;   1.007182;1.099635;   0.724163;    1.548451;-0.526286
     EW_10;0.010948;0.139583;0.173492;0.757247;  0.522589;   1.001257;1.069246;   0.701339;    1.528498;-0.527441
    Market;0.010084;0.127956;0.148656;0.814048;  0.574737;   1.058277;1.159426;   0.785708;    1.594746;-0.503117