    series;  mean_m; ann_ret; ann_vol;  sharpe;sharpe_low;sharpe_high; sortino;sortino_low;sortino_high;   max_dd
net_ret_lr;0.011158;0.142422;0.175285;0.763851;  0.533792;   1.002927;1.100283;   0.736494;    1.561682;-0.545733
net_ret_gb;0.010821;0.137862;0.174523; 0.74402;  0.514939;   0.985179; 1.06421;   0.706967;    1.527015;-0.521249
     EW_10;0.010952;0.139637;0.173584;0.757119;  0.530185;   1.000407;1.069632;    0.70638;    1.531417;-0.527441
    Market; 0.01007;0.127769;0.148728;0.812527;  0.572518;   1.059889;1.157819;   0.791853;    1.621816;-0.503117