 series;  mean_m; ann_ret; ann_vol;  sharpe;sharpe_low;sharpe_high;   max_dd
net_ret;0.011536;0.147556;0.177749;0.778778;  0.549517;   1.020140;-0.516921
  EW_10;0.010945;0.139548;0.173676;0.756267;  0.531609;   0.998136;-0.527441
    ME1;0.011191;0.142880;0.209138;0.642147;  0.424399;   0.883955;-0.717054
   ME10;0.009713;0.122986;0.143392;0.812831;  0.584740;   1.052413;-0.492694
    SMB;0.000935;0.011283;0.097057;0.115655; -0.106104;   0.327237;-0.548963
 Market;0.010042;0.127382;0.148776;0.809939;  0.583603;   1.053098;-0.503117