{
  "mean_monthly_return": 0.011157782457401491,
  "annualized_return": 0.14242354572906724,
  "annualized_volatility": 0.17519150896163294,
  "sharpe_ratio": 0.7642687153185068,
  "max_drawdown": -0.5457313078918443,
  "avg_turnover": 0.5802744526091588,
  "avg_turnover_after_limit": 0.19922430138445157,
  "transaction_cost": 0.001,
  "turnover_limit": 0.2
}